{"mean":{"confidence_interval":{"confidence_level":0.95,"lower_bound":0.00004061892436144661,"upper_bound":0.004177819019955718},"point_estimate":0.0021298409448307076,"standard_error":0.001061717236812994},"median":{"confidence_interval":{"confidence_level":0.95,"lower_bound":-0.0005908523268431942,"upper_bound":0.004870398789729391},"point_estimate":0.0022163088394995256,"standard_error":0.001390261930747459}}