{"mean":{"confidence_interval":{"confidence_level":0.95,"lower_bound":-0.008393665068746952,"upper_bound":-0.0007644644967195191},"point_estimate":-0.005061551342607884,"standard_error":0.0019548829827193866},"median":{"confidence_interval":{"confidence_level":0.95,"lower_bound":-0.009813044012115024,"upper_bound":-0.004537043976869715},"point_estimate":-0.00687688919067353,"standard_error":0.0013144621109250814}}