{"mean":{"confidence_interval":{"confidence_level":0.95,"lower_bound":0.005480520745487549,"upper_bound":0.013063666584276453},"point_estimate":0.009743141477523976,"standard_error":0.0019372190588075222},"median":{"confidence_interval":{"confidence_level":0.95,"lower_bound":0.008716363105330638,"upper_bound":0.014048131143813647},"point_estimate":0.011586574829453467,"standard_error":0.0012946767366755053}}