{"mean":{"confidence_interval":{"confidence_level":0.95,"lower_bound":-0.006210777778523519,"upper_bound":-0.003406995784697154},"point_estimate":-0.0048378143874454604,"standard_error":0.0007109304392433068},"median":{"confidence_interval":{"confidence_level":0.95,"lower_bound":-0.006520909731538037,"upper_bound":-0.0035055324541753974},"point_estimate":-0.005084865491165491,"standard_error":0.0007689089655694417}}