{"mean":{"confidence_interval":{"confidence_level":0.95,"lower_bound":0.004497580193663631,"upper_bound":0.009032754506146972},"point_estimate":0.00664814871044439,"standard_error":0.001150756826934356},"median":{"confidence_interval":{"confidence_level":0.95,"lower_bound":0.0032031145562260374,"upper_bound":0.006587410239564884},"point_estimate":0.004778355432972559,"standard_error":0.0008835290298770278}}