{"mean":{"confidence_interval":{"confidence_level":0.95,"lower_bound":-0.0007175863277355503,"upper_bound":0.003523257738019852},"point_estimate":0.0016828662583157072,"standard_error":0.001093878122506198},"median":{"confidence_interval":{"confidence_level":0.95,"lower_bound":0.0006027659341474312,"upper_bound":0.004080750061420411},"point_estimate":0.0026361061037463163,"standard_error":0.0008827374134567773}}