{"mean":{"confidence_interval":{"confidence_level":0.95,"lower_bound":-0.008075845957043215,"upper_bound":-0.003238064272392693},"point_estimate":-0.005768349732756861,"standard_error":0.0012480569777398424},"median":{"confidence_interval":{"confidence_level":0.95,"lower_bound":-0.007926091211730601,"upper_bound":-0.003998497211546104},"point_estimate":-0.006269135176337537,"standard_error":0.0010166890023786325}}