{"mean":{"confidence_interval":{"confidence_level":0.95,"lower_bound":-0.004708638020266337,"upper_bound":-0.0006784982390088905},"point_estimate":-0.0024961750173680963,"standard_error":0.001031249775770954},"median":{"confidence_interval":{"confidence_level":0.95,"lower_bound":-0.00309501046292604,"upper_bound":0.0002650859874928635},"point_estimate":-0.0015279730641992728,"standard_error":0.0008614844164023222}}