{"mean":{"confidence_interval":{"confidence_level":0.95,"lower_bound":0.0014588697696299392,"upper_bound":0.0053232596612586836},"point_estimate":0.0033199421193512713,"standard_error":0.0009781606526346456},"median":{"confidence_interval":{"confidence_level":0.95,"lower_bound":0.0015627642184674606,"upper_bound":0.004867149875015203},"point_estimate":0.003300091778227099,"standard_error":0.0008639063962484743}}