{"mean":{"confidence_interval":{"confidence_level":0.95,"lower_bound":-0.004756930356696373,"upper_bound":0.00031375784737251294},"point_estimate":-0.00224073415916215,"standard_error":0.0012856193373057799},"median":{"confidence_interval":{"confidence_level":0.95,"lower_bound":-0.004378496804550589,"upper_bound":-0.0005350939625171636},"point_estimate":-0.002330594067824987,"standard_error":0.0009956920001876087}}