{"mean":{"confidence_interval":{"confidence_level":0.95,"lower_bound":-0.024885500717379386,"upper_bound":-0.004317975133956918},"point_estimate":-0.013734405625657309,"standard_error":0.0052901986834039075},"median":{"confidence_interval":{"confidence_level":0.95,"lower_bound":-0.0010440585156920035,"upper_bound":0.0033962575190456938},"point_estimate":0.0010380466570876212,"standard_error":0.0011152646164920075}}