{"mean":{"confidence_interval":{"confidence_level":0.95,"lower_bound":0.005327220998185828,"upper_bound":0.0081548866879446},"point_estimate":0.006685347236794037,"standard_error":0.0007220770270341742},"median":{"confidence_interval":{"confidence_level":0.95,"lower_bound":0.00503093579542413,"upper_bound":0.00809980061881932},"point_estimate":0.00622404017207856,"standard_error":0.0007551591548341412}}