{"mean":{"confidence_interval":{"confidence_level":0.95,"lower_bound":-0.00813696364780835,"upper_bound":-0.005538541696574853},"point_estimate":-0.006820599251181059,"standard_error":0.0006665197754702278},"median":{"confidence_interval":{"confidence_level":0.95,"lower_bound":-0.009569974998167696,"upper_bound":-0.005333165305080878},"point_estimate":-0.007134418544016086,"standard_error":0.0010867453868953255}}