{"mean":{"confidence_interval":{"confidence_level":0.95,"lower_bound":-0.023124548431280558,"upper_bound":-0.015127536717581744},"point_estimate":-0.018766241051793364,"standard_error":0.002033283082908894},"median":{"confidence_interval":{"confidence_level":0.95,"lower_bound":-0.021443208249638638,"upper_bound":-0.015009999123290707},"point_estimate":-0.01776935162823723,"standard_error":0.0016658707971408345}}