{"mean":{"confidence_interval":{"confidence_level":0.95,"lower_bound":-0.020298614304446887,"upper_bound":-0.011787163029459384},"point_estimate":-0.01587328675984545,"standard_error":0.0021680274684388002},"median":{"confidence_interval":{"confidence_level":0.95,"lower_bound":-0.021439835188806322,"upper_bound":-0.00937495494562214},"point_estimate":-0.018243952662899354,"standard_error":0.003274859943480534}}