{"mean":{"confidence_interval":{"confidence_level":0.95,"lower_bound":198.18250569634606,"upper_bound":198.66216893594176},"point_estimate":198.42032790628556,"standard_error":0.12228442120298313},"median":{"confidence_interval":{"confidence_level":0.95,"lower_bound":197.95083531308737,"upper_bound":198.5851455697178},"point_estimate":198.27431042543245,"standard_error":0.1549424171779186},"median_abs_dev":{"confidence_interval":{"confidence_level":0.95,"lower_bound":0.8713989748523343,"upper_bound":1.452085776511337},"point_estimate":1.1088425551841663,"standard_error":0.14936877433598042},"slope":{"confidence_interval":{"confidence_level":0.95,"lower_bound":198.71590333774807,"upper_bound":199.26513060424554},"point_estimate":198.99065120823215,"standard_error":0.13954180961568416},"std_dev":{"confidence_interval":{"confidence_level":0.95,"lower_bound":1.0381654037545023,"upper_bound":1.3997311533489192},"point_estimate":1.2294914457590844,"standard_error":0.09279837476464273}}