{"mean":{"confidence_interval":{"confidence_level":0.95,"lower_bound":-0.006194975974376065,"upper_bound":-0.0026904712722679116},"point_estimate":-0.004485477629395329,"standard_error":0.000892762589342495},"median":{"confidence_interval":{"confidence_level":0.95,"lower_bound":-0.006486777139053585,"upper_bound":-0.003404460076314897},"point_estimate":-0.0051067098665625865,"standard_error":0.0007734633850405647}}