{"mean":{"confidence_interval":{"confidence_level":0.95,"lower_bound":-0.0008890560176088851,"upper_bound":0.0031282112173697725},"point_estimate":0.0012368096416992547,"standard_error":0.0010210687831995727},"median":{"confidence_interval":{"confidence_level":0.95,"lower_bound":0.0009057887322108105,"upper_bound":0.005182725325598048},"point_estimate":0.003065197923623142,"standard_error":0.001099888866078804}}