{"mean":{"confidence_interval":{"confidence_level":0.95,"lower_bound":0.0012254974502616592,"upper_bound":0.00458701439978783},"point_estimate":0.002927500130429861,"standard_error":0.0008563294464436738},"median":{"confidence_interval":{"confidence_level":0.95,"lower_bound":0.0009584604421466469,"upper_bound":0.004415283683974147},"point_estimate":0.0027913189164010532,"standard_error":0.0008880965594274813}}