{"mean":{"confidence_interval":{"confidence_level":0.95,"lower_bound":-0.11102177748642485,"upper_bound":-0.1033359334222331},"point_estimate":-0.10707238629640292,"standard_error":0.001960452407936222},"median":{"confidence_interval":{"confidence_level":0.95,"lower_bound":-0.11138015155911607,"upper_bound":-0.10177911610608337},"point_estimate":-0.10817804037933942,"standard_error":0.002529308778939794}}