{"mean":{"confidence_interval":{"confidence_level":0.95,"lower_bound":-0.033287717811439105,"upper_bound":-0.026204824957983142},"point_estimate":-0.02974882231675835,"standard_error":0.001805658557332062},"median":{"confidence_interval":{"confidence_level":0.95,"lower_bound":-0.032727195038577905,"upper_bound":-0.022623971348559424},"point_estimate":-0.029296754778405543,"standard_error":0.00250295219111401}}