{"mean":{"confidence_interval":{"confidence_level":0.95,"lower_bound":0.0023110394593640173,"upper_bound":0.006400374570919968},"point_estimate":0.004286859660895814,"standard_error":0.0010398555805711603},"median":{"confidence_interval":{"confidence_level":0.95,"lower_bound":0.002367650939137711,"upper_bound":0.006721679203347833},"point_estimate":0.004274235257561987,"standard_error":0.0011193681086579801}}