{"mean":{"confidence_interval":{"confidence_level":0.95,"lower_bound":0.03580064083410035,"upper_bound":0.0444500565909178},"point_estimate":0.040081123925561846,"standard_error":0.002187486690755768},"median":{"confidence_interval":{"confidence_level":0.95,"lower_bound":0.03498641233410815,"upper_bound":0.04622860694519515},"point_estimate":0.042227840742824485,"standard_error":0.0027891014765415944}}