{"mean":{"confidence_interval":{"confidence_level":0.95,"lower_bound":-0.016890389226237167,"upper_bound":-0.011163285121106332},"point_estimate":-0.014015921683242505,"standard_error":0.0014543748945112442},"median":{"confidence_interval":{"confidence_level":0.95,"lower_bound":-0.01720665734765281,"upper_bound":-0.011177563417176906},"point_estimate":-0.013784554523583625,"standard_error":0.001544468018992152}}