{"mean":{"confidence_interval":{"confidence_level":0.95,"lower_bound":0.02162366448455861,"upper_bound":0.027116310251239794},"point_estimate":0.02426489067457749,"standard_error":0.001396423975801528},"median":{"confidence_interval":{"confidence_level":0.95,"lower_bound":0.020726265704212432,"upper_bound":0.025819035001724666},"point_estimate":0.0237500801029078,"standard_error":0.0012896318836214517}}