{"mean":{"confidence_interval":{"confidence_level":0.95,"lower_bound":-0.09639586823504208,"upper_bound":-0.08866314512294417},"point_estimate":-0.092757610967248,"standard_error":0.0019882814939855436},"median":{"confidence_interval":{"confidence_level":0.95,"lower_bound":-0.09834067852898429,"upper_bound":-0.0895575205496183},"point_estimate":-0.09449145492037359,"standard_error":0.0022561472080771796}}