{"mean":{"confidence_interval":{"confidence_level":0.95,"lower_bound":-0.009645989337119455,"upper_bound":-0.004806820645909163},"point_estimate":-0.0072191605732861985,"standard_error":0.0012339305014483423},"median":{"confidence_interval":{"confidence_level":0.95,"lower_bound":-0.008626436835572928,"upper_bound":-0.0032099140980554886},"point_estimate":-0.0067746123372207645,"standard_error":0.001462556962450463}}